{"friends":null,"profiles":{"55c29386-b8e9-4195-b07d-5737b3109b16":{"is_public":false,"macros":null,"modules":{"AimAssist":{"bind":0,"checks":{"Aim while on target":false,"Click Aim":true,"Invisibles":false,"Teams":true,"Through walls":false,"Vertical":true},"components":{"Item whitelist\n":{"enabled":false,"strings":["swords","axes"]}},"sliders":{"Horizontal Speed":70,"Max Angle":71,"Range":354,"Vertical Speed":50}},"AutoClicker":{"bind":0,"checks":{"Blockhit":false,"Break blocks":true,"Extra randomization":true,"Inventory fill":false,"Left Click":true,"Right Click":false},"components":{"Blockhit modeBlockhit\n":{"selected":"Manual"},"Item whitelistLeft Click\n":{"enabled":false,"strings":["swords","axes"]},"Item whitelistRight Click\n":{"enabled":false,"strings":["blocks"]}},"sliders":{"Left CPS":10960,"Left CPSmax":12330,"Right CPS":7000,"Right CPSmax":13000}},"ChestSteal":{"bind":0,"checks":{"Check in menu":false,"Keep open":false,"Shuffle":false},"components":{"Blacklisted items\n":{"enabled":false,"strings":[]}},"sliders":{"Delay":150000,"Delaymax":200000}},"ESP":{"bind":0,"checks":{"Animals":false,"Invisibles":false,"Mobs":false,"Players":true},"components":{"Animals ColorAnimals\n":{"h":200,"rainbow":false,"s":1,"v":1},"Mobs ColorMobs\n":{"h":100,"rainbow":false,"s":1,"v":1},"Mode\n":{"selected":"3D"},"Players ColorPlayers\n":{"h":143.5,"rainbow":true,"s":1,"v":1}},"sliders":null},"Friends":{"bind":0,"checks":null,"components":null,"sliders":null},"Fullbright":{"bind":0,"checks":{"Fade":true},"components":null,"sliders":null},"Hide":{"bind":0,"checks":{"Enable Hide":false},"components":null,"sliders":null},"Home":{"bind":0,"checks":null,"components":null,"sliders":null},"In-Game GUI":{"bind":0,"checks":{"Enable In-Game GUI":false},"components":null,"sliders":null},"Macros":{"bind":0,"checks":null,"components":null,"sliders":null},"Nametags":{"bind":0,"checks":{"Absorbtion":false,"Animals":false,"Distance":false,"Equipment":false,"Health":false,"Invisibles":false,"Mobs":false,"Overlay mode":false,"Players":true},"components":{"DisplayHealth\n":{"selected":"Text"}},"sliders":{"Scale":100}},"Options":{"bind":0,"checks":{"Chroma Text GUI":false,"Middleclick friends":false,"Show tooltips":true,"Temp Disable":false,"Text GUI":false},"components":{"ModeText GUI\n":{"selected":"External"}},"sliders":null},"Profiles":{"bind":0,"checks":null,"components":null,"sliders":null},"Reach":{"bind":0,"checks":{"Combo mode":true,"Disadvantage mode":false,"Misplace":false,"Only while sprinting":false},"components":null,"sliders":{"Reach":3220,"Reachmax":3350}},"Refill":{"bind":0,"checks":null,"components":{"Mode\n":{"selected":"Horizontal"},"Type\n":{"selected":"Both"}},"sliders":{"Delay":100}},"Scaffold":{"bind":0,"checks":null,"components":null,"sliders":{"Sneak Delay":100000,"Sneak Delaymax":200000}},"Search":{"bind":0,"checks":{"Only caves":false,"Overlay mode":false},"components":null,"sliders":{"Range":50}},"Search Blocks":{"bind":0,"checks":null,"components":null,"sliders":null},"Self Destruct":{"bind":0,"checks":{"Self Destruct bind":false},"components":null,"sliders":null},"Sprint":{"bind":0,"checks":null,"components":null,"sliders":null},"Sync settings":{"bind":0,"checks":null,"components":null,"sliders":null},"Throwpot":{"bind":0,"checks":{"Random":false,"Scroll":false},"components":{"Mode\n":{"selected":"Dynamic"},"Type\n":{"selected":"Both"}},"sliders":{"Delay":100,"Scroll Delay":25}},"Tracers":{"bind":0,"checks":{"Animals":false,"Highlight if focusing":false,"Invisibles":true,"Mobs":false,"Players":true},"components":{"Animals ColorAnimals\n":{"h":200,"rainbow":false,"s":1,"v":1},"Mobs ColorMobs\n":{"h":100,"rainbow":false,"s":1,"v":1},"Players ColorPlayers\n":{"h":0.0,"rainbow":false,"s":1,"v":1}},"sliders":null},"Velocity":{"bind":0,"checks":{"Kite mode":false,"Only while targeting":false},"components":null,"sliders":{"Chance":90,"Horizontal":75,"Kite horizontal":120,"Kite vertical":120,"Vertical":90}},"WTap":{"bind":0,"checks":null,"components":null,"sliders":{"Delay":100,"Range":350}},"favorites":["Nametags","Search","Refill","Throwpot","Velocity","Reach","AimAssist","AutoClicker"]},"name":"p","search":null,"tgx":4,"tgy":4,"updated":1649976025619,"uuid":"55c29386-b8e9-4195-b07d-5737b3109b16"}},"selecteduuid":"55c29386-b8e9-4195-b07d-5737b3109b16"}